Date,Venue,Kick-off,Fixture
10/10/2026,Cambridge School,09:00,U8 Typhoons
10/10/2026,Cambridge School,10:00,U8 Cyclones
10/10/2026,Cambridge School,11:00,U9 Stormers
10/10/2026,Frogmore Leisure Centre,09:15,U10 Falcons
10/10/2026,Frogmore Leisure Centre,09:15,U11 Ninjas
10/10/2026,Frogmore Leisure Centre,10:30,U12 Sharks
10/10/2026,Frogmore Leisure Centre,11:50,U15 Strikers
10/10/2026,Basingbourne,09:15,U13 Leopards
10/10/2026,Basingbourne,10:45,U13 Jaguars
10/10/2026,Ancells,09:00,U17 Lions
10/10/2026,Ancells,10:40,U16 Red Arrows
10/10/2026,Ancells,12:20,U14 Hurricanes
11/10/2026,Cambridge School,10:00,U9 Snow Leopards (TBC)
